{
  "version": 1,
  "author": "Harini",
  "editor": "wokwi",
  "parts": [
    { "type": "board-esp32-devkit-c-v4", "id": "esp", "top": 0, "left": 0, "attrs": {} },
    { "type": "wokwi-hc-sr04", "id": "ultrasonic1", "top": -65.7, "left": -138.5, "attrs": {} },
    {
      "type": "wokwi-led",
      "id": "led1",
      "top": 15.6,
      "left": -159.4,
      "attrs": { "color": "red" }
    }
  ],
  "connections": [
    [ "esp:TX", "$serialMonitor:RX", "", [] ],
    [ "esp:RX", "$serialMonitor:TX", "", [] ],
    [ "ultrasonic1:VCC", "esp:5V", "red", [ "v0" ] ],
    [ "ultrasonic1:GND", "esp:GND.1", "black", [ "v0" ] ],
    [ "esp:18", "ultrasonic1:ECHO", "green", [ "h0" ] ],
    [ "ultrasonic1:TRIG", "esp:5", "green", [ "v0" ] ],
    [ "led1:C", "esp:GND.1", "green", [ "v0" ] ],
    [ "led1:A", "esp:2", "green", [ "v0" ] ]
  ],
  "dependencies": {}
}